<?xml version="1.0" encoding="UTF-8"?>
<addon id="plugin.video.brasilstreaming"
    version="1.0.6"
    name="[COLOR white][B]Brasil Streaming[/B][/COLOR]"
    provider-name="Brasil Streaming">

    <requires>
        <import addon="xbmc.python" version="3.0.1"/>
        <import addon="script.module.simplejson" />
        <import addon="script.module.six" />
        <import addon="script.module.kodi-six" />
        <import addon="script.module.beautifulsoup4" version="4.12.2"/>
        <import addon="script.module.requests" version="2.25.1"/>
        <import addon="script.module.inputstreamhelper"/>
    </requires>

    <extension point="xbmc.python.pluginsource" library="main.py">
        <provides>video</provides>
    </extension>

    <extension point="xbmc.addon.metadata">
        <summary lang="pt_BR">Brasil Streaming</summary>
        <description lang="pt_BR">
            Brasil Streaming é uma plataforma que agrega links de conteúdos de vídeo disponíveis publicamente na internet, fornecidos por terceiros. 
            A plataforma oferece uma interface intuitiva para os usuários explorarem uma vasta biblioteca de filmes e programas de TV, com detalhes obtidos do The Movie Database (TMDb). 
            O plugin permite streaming de vídeos diretamente no Kodi, integrando-se perfeitamente ao player padrão. 
            Brasil Streaming não hospeda, armazena ou distribui conteúdo de vídeo, funcionando exclusivamente como um agregador de links disponibilizados por fontes externas. 
            A responsabilidade pelo conteúdo acessado é exclusivamente dos provedores dos links e dos usuários, conforme as leis aplicáveis.
        </description>
        <disclaimer lang="pt_BR">
            Brasil Streaming não hospeda, armazena ou distribui qualquer conteúdo de vídeo, funcionando apenas como um agregador de links disponibilizados publicamente na internet por terceiros. 
            Não nos responsabilizamos pela legalidade, qualidade ou veracidade do conteúdo acessado por meio desses links. 
            O uso deste plugin está sujeito às leis locais aplicáveis, e os usuários são responsáveis por garantir que sua utilização esteja em conformidade com a legislação vigente.
        </disclaimer>
        <license>GPL-3.0-or-later</license>
        <website>https://github.com/brasilstreaming</website>
        <forum></forum>
        <assets>
            <icon>arquivos/imagens/icon.png</icon>
            <fanart>arquivos/imagens/fanart.jpg</fanart>
        </assets>
        <language></language>
    </extension>
</addon>