<!-- resources/advancedsettings/default.xml -->
<advancedsettings>
  <cache>
    <buffermode>1</buffermode>
    <memorysize>157286400</memorysize>
    <readfactor>5</readfactor>
  </cache>
  <network>
    <curlclienttimeout>45</curlclienttimeout>
    <curllowspeedtime>30</curllowspeedtime>
    <curlretries>2</curlretries>
  </network>
  <videodatabase>
    <cleanonupdate>true</cleanonupdate>
  </videodatabase>
  <musicdatabase>
    <cleanonupdate>true</cleanonupdate>
  </musicdatabase>
  <videolibrary>
    <cleanonupdate>true</cleanonupdate>
    <importwatchedstate>true</importwatchedstate>
  </videolibrary>
  <pvr>
    <minvideocachelevel>20</minvideocachelevel>
    <minaudiocachelevel>20</minaudiocachelevel>
  </pvr>
  <loglevel>0</loglevel>
  <gui>
    <algorithmdirtyregions>3</algorithmdirtyregions>
    <nofliptimeout>0</nofliptimeout>
  </gui>
  <audio>
    <streamsilence>false</streamsilence>
  </audio>
  <filecache>
    <memorysize>52428800</memorysize>
  </filecache>
  <!-- Brasil Streaming -->
</advancedsettings>