<?xml version="1.0" encoding="UTF-8"?>
<window>
    <defaultcontrol always="true">10</defaultcontrol>
    <coordinates>
        <system>1</system>
        <posx>0</posx>
        <posy>0</posy>
    </coordinates>
    <controls>
        <!-- Fundo 80% ofuscado -->
        <control type="image">
            <posx>0</posx>
            <posy>0</posy>
            <width>1280</width>
            <height>720</height>
            <texture>colors/black.png</texture>
            <colordiffuse>F2000000</colordiffuse> 
        </control>
        <!-- Imagem do QR Code ajustada para proporção quadrada e altura aumentada -->
        <control type="image" id="10">
            <posx>510</posx> <!-- Ajustado para centralizar -->
            <posy>150</posy> <!-- Ajustado para dar mais espaço -->
            <width>230</width> <!-- Largura mantida -->
            <height>350</height> <!-- Altura aumentada -->
            <texture>$INFO[Window.Property(qr_image)]</texture>
        </control>
        <!-- Texto de instrução ajustado, centralizado e sem a chave Pix -->
        <control type="label">
            <posx>325</posx> <!-- Centralizado em relação à imagem -->
            <posy>530</posy> <!-- Ajustado para acompanhar a nova altura da imagem -->
            <width>600</width>
            <height>80</height>
            <font>font12</font>
            <align>center</align>
            <textcolor>white</textcolor>
                <label>Escaneie o QR Code para fazer uma doação![CR] E nos acompanhe no telegram:[CR][B]https://t.me/brasil_streaming[/B]</label>
        </control>
    </controls>
</window>