<advancedsettings>
  <cache>
    <buffermode>1</buffermode>
    <memorysize>314572800</memorysize>
    <readfactor>2.0</readfactor>
  </cache>
  <network>
    <curlclienttimeout>30</curlclienttimeout>
    <curllowspeedtime>20</curllowspeedtime>
    <curlretries>3</curlretries>
    <disableipv6>true</disableipv6>
  </network>
  <videodatabase>
    <cleanonupdate>true</cleanonupdate>
  </videodatabase>
  <musicdatabase>
    <cleanonupdate>true</cleanonupdate>
  </musicdatabase>
  <videolibrary>
    <cleanonupdate>true</cleanonupdate>
    <importwatchedstate>true</importwatchedstate>
    <updateonstartup>false</updateonstartup>
    <backgroundupdate>false</backgroundupdate>
    <showunwatchedplots>0,1,2</showunwatchedplots>
    <groupmoviesets>false</groupmoviesets>
    <groupsingleitemsets>false</groupsingleitemsets>
    <showvideoversionsasfolder>false</showvideoversionsasfolder>
    <showallitems>true</showallitems>
    <flattentvshows>1</flattentvshows>
    <showemptytvshows>true</showemptytvshows>
    <tvshowsselectfirstunwatcheditem>0</tvshowsselectfirstunwatcheditem>
    <tvshowsincludeallseasonsandspecials>0</tvshowsincludeallseasonsandspecials>
    <musicvideosallperformers>true</musicvideosallperformers>
    <artworklevel>0</artworklevel>
    <actorthumbs>true</actorthumbs>
  </videolibrary>
  <musiclibrary>
    <showallitems>true</showallitems>
    <showcompilationartists>true</showcompilationartists>
    <showdiscs>true</showdiscs>
    <useartistsortname>false</useartistsortname>
    <useoriginaldate>false</useoriginaldate>
    <downloadinfo>false</downloadinfo>
    <artworklevel>0</artworklevel>
    <usealllocalart>false</usealllocalart>
    <useallremoteart>false</useallremoteart>
    <preferonlinealbumart>false</preferonlinealbumart>
  </musiclibrary>
  <pvr>
    <minvideocachelevel>30</minvideocachelevel>
    <minaudiocachelevel>30</minaudiocachelevel>
    <backendchannelgroupsorder>true</backendchannelgroupsorder>
    <backendchannelorder>true</backendchannelorder>
    <usebackendchannelnumbersalways>false</usebackendchannelnumbersalways>
    <usebackendchannelnumbers>false</usebackendchannelnumbers>
    <startgroupchannelnumbersfromone>false</startgroupchannelnumbersfromone>
    <displaychannelinfo>5</displaychannelinfo>
    <closechannelosdonswitch>true</closechannelosdonswitch>
    <confirmchannelswitch>true</confirmchannelswitch>
    <channelentrytimeout>0</channelentrytimeout>
    <delaymarklastwatched>0</delaymarklastwatched>
    <signalquality>true</signalquality>
    <fps>0</fps>
    <autoplaynextprogramme>true</autoplaynextprogramme>
    <enableradiords>true</enableradiords>
  </pvr>
  <loglevel>0</loglevel>
  <gui>
    <algorithmdirtyregions>3</algorithmdirtyregions>
    <nofliptimeout>0</nofliptimeout>
    <skin>skin.estuary</skin>
    <skintheme>SKINDEFAULT</skintheme>
    <skincolors>SKINDEFAULT</skincolors>
    <font>Roboto-Regular.ttf</font>
    <skinzoom>0</skinzoom>
    <stereostrength>5</stereostrength>
    <enablerssfeeds>false</enablerssfeeds>
  </gui>
  <audio>
    <streamsilence>false</streamsilence>
    <audiodevice>AUDIOTRACK:AudioTrack (RAW)|Android IEC packer</audiodevice>
    <channels>1</channels>
    <config>2</config>
    <volumesteps>90</volumesteps>
    <maintainoriginalvolume>true</maintainoriginalvolume>
    <stereoupmix>false</stereoupmix>
    <processquality>30</processquality>
    <atempothreshold>2</atempothreshold>
    <samplerate>48000</samplerate>
    <streamnoise>true</streamnoise>
    <guisoundmode>1</guisoundmode>
    <guisoundvolume>100</guisoundvolume>
    <passthrough>true</passthrough>
    <passthroughdevice>Default</passthroughdevice>
    <ac3passthrough>true</ac3passthrough>
    <ac3transcode>false</ac3transcode>
    <eac3passthrough>true</eac3passthrough>
    <dtspassthrough>true</dtspassthrough>
    <truehdpassthrough>true</truehdpassthrough>
    <dtshdpassthrough>true</dtshdpassthrough>
    <dtshdcorefallback>true</dtshdcorefallback>
  </audio>
  <filecache>
    <memorysize>104857600</memorysize>
    <buffermode>4</buffermode>
    <readfactor>400</readfactor>
    <chunksize>131072</chunksize>
  </filecache>
  <jsonrpc>
    <compactoutput>false</compactoutput>
  </jsonrpc>
  <busydialogdelay>500</busydialogdelay>
  <gamesgeneral>
    <enable>true</enable>
    <showosdhelp>true</showosdhelp>
    <enableautosave>true</enableautosave>
    <enablerewind>true</enablerewind>
    <rewindtime>60</rewindtime>
  </gamesgeneral>
  <locale>
    <language>resource.language.pt_br</language>
    <charset>DEFAULT</charset>
    <keyboardlayouts>English QWERTY</keyboardlayouts>
    <activekeyboardlayout>English QWERTY</activekeyboardlayout>
    <country>Brazil</country>
    <timezonecountry>default</timezonecountry>
    <timezone>default</timezone>
    <shortdateformat>regional</shortdateformat>
    <longdateformat>regional</longdateformat>
    <timeformat>regional</timeformat>
    <use24hourclock>regional</use24hourclock>
    <temperatureunit>regional</temperatureunit>
    <speedunit>regional</speedunit>
  </locale>
  <screensaver>
    <mode></mode>
    <time>3</time>
    <disableforaudio>true</disableforaudio>
    <usedimonpause>true</usedimonpause>
  </screensaver>
  <masterlock>
    <startuplock>false</startuplock>
    <maxretries>3</maxretries>
  </masterlock>
  <filelists>
    <showparentdiritems>true</showparentdiritems>
    <ignorethewhensorting>true</ignorethewhensorting>
    <showextensions>true</showextensions>
    <showaddsourcebuttons>true</showaddsourcebuttons>
    <showhidden>false</showhidden>
    <allowfiledeletion>false</allowfiledeletion>
  </filelists>
  <myvideos>
    <selectaction>1</selectaction>
    <selectdefaultversion>false</selectdefaultversion>
    <playaction>1</playaction>
    <usetags>false</usetags>
    <extractflags>true</extractflags>
    <extractchapterthumbs>false</extractchapterthumbs>
    <stackvideos>false</stackvideos>
    <replacelabels>true</replacelabels>
    <flatten>false</flatten>
    <extractthumb>true</extractthumb>
  </myvideos>
  <videoplayer>
    <autoplaynextitem></autoplaynextitem>
    <seeksteps>-600,-300,-180,-60,-30,-10,10,30,60,180,300,600</seeksteps>
    <seekdelay>750</seekdelay>
    <adjustrefreshrate>2</adjustrefreshrate>
    <usedisplayasclock>false</usedisplayasclock>
    <errorinaspect>0</errorinaspect>
    <stretch43>0</stretch43>
    <rendermethod>0</rendermethod>
    <hqscalers>0</hqscalers>
    <usesuperresolution>false</usesuperresolution>
    <usemediacodecsurface>true</usemediacodecsurface>
    <usemediacodec>true</usemediacodec>
    <usedxva2>true</usedxva2>
    <usevtb>true</usevtb>
    <highprecision>true</highprecision>
    <convertdovi>false</convertdovi>
    <allowedhdrformats>0,1</allowedhdrformats>
    <stereoscopicplaybackmode>0</stereoscopicplaybackmode>
    <quitstereomodeonstop>true</quitstereomodeonstop>
    <teletextenabled>true</teletextenabled>
    <teletextscale>true</teletextscale>
  </videoplayer>
  <musicplayer>
    <autoplaynextitem>true</autoplaynextitem>
    <queuebydefault>false</queuebydefault>
    <seeksteps>-60,-30,-10,10,30,60</seeksteps>
    <seekdelay>750</seekdelay>
    <crossfade>0</crossfade>
    <crossfadealbumtracks>true</crossfadealbumtracks>
    <replaygaintype>1</replaygaintype>
    <replaygainpreamp>89</replaygainpreamp>
    <replaygainnogainpreamp>89</replaygainnogainpreamp>
    <replaygainavoidclipping>false</replaygainavoidclipping>
  </musicplayer>
  <subtitles>
    <align>2</align>
    <fontname>DEFAULT</fontname>
    <fontsize>42</fontsize>
    <style>0</style>
    <colorpick>FFFFFFFF</colorpick>
    <opacity>100</opacity>
    <bordersize>30</bordersize>
    <bordercolorpick>FF000000</bordercolorpick>
    <blur>0</blur>
    <backgroundtype>0</backgroundtype>
    <bgcolorpick>FF000000</bgcolorpick>
    <bgopacity>80</bgopacity>
    <shadowcolor>FF000000</shadowcolor>
    <shadowopacity>100</shadowopacity>
    <shadowsize>15</shadowsize>
    <marginvertical>4.95</marginvertical>
    <overridefonts>false</overridefonts>
    <overridestyles>0</overridestyles>
    <stereoscopicdepth>0</stereoscopicdepth>
    <charset>DEFAULT</charset>
    <parsecaptions>false</parsecaptions>
    <captionsalign>0</captionsalign>
    <languages>English</languages>
    <storagemode>0</storagemode>
    <pauseonsearch>true</pauseonsearch>
    <downloadfirst>false</downloadfirst>
  </subtitles>
  <services>
    <devicename>Kodi</devicename>
    <zeroconf>false</zeroconf>
    <webserver>false</webserver>
    <webserverport>8080</webserverport>
    <webserverauthentication>true</webserverauthentication>
    <webserverusername>kodi</webserverusername>
    <webserverssl>false</webserverssl>
    <webskin>webinterface.default</webskin>
    <esenabled>true</esenabled>
    <esport>9777</esport>
    <esportrange>10</esportrange>
    <esmaxclients>20</esmaxclients>
    <esallinterfaces>false</esallinterfaces>
    <esinitialdelay>750</esinitialdelay>
    <escontinuousdelay>25</escontinuousdelay>
    <upnp>false</upnp>
    <upnpserver>false</upnpserver>
    <upnpannounce>true</upnpannounce>
    <upnplookforexternalsubtitles>false</upnplookforexternalsubtitles>
    <upnpcontroller>false</upnpcontroller>
    <upnpplayervolumesync>true</upnpplayervolumesync>
    <upnprenderer>false</upnprenderer>
    <airplay>false</airplay>
    <airplayvolumecontrol>true</airplayvolumecontrol>
    <airplayvideosupport>false</airplayvideosupport>
    <useairplaypassword>false</useairplaypassword>
    <wsdiscovery>false</wsdiscovery>
  </services>
  <smb>
    <workgroup>WORKGROUP</workgroup>
    <winsserver>0.0.0.0</winsserver>
    <minprotocol>0</minprotocol>
    <maxprotocol>3</maxprotocol>
    <legacysecurity>false</legacysecurity>
    <chunksize>128</chunksize>
  </smb>
  <nfs>
    <version>3</version>
    <chunksize>128</chunksize>
  </nfs>
  <videoscreen>
    <monitor>Default</monitor>
    <screen>0</screen>
    <resolution>22</resolution>
    <screenmode>DESKTOP</screenmode>
    <fakefullscreen>true</fakefullscreen>
    <blankdisplays>false</blankdisplays>
    <delayrefreshchange>0</delayrefreshchange>
    <dither>false</dither>
    <ditherdepth>8</ditherdepth>
    <cmsenabled>false</cmsenabled>
    <cmsmode>0</cmsmode>
    <cmswhitepoint>0</cmswhitepoint>
    <cmsprimaries>0</cmsprimaries>
    <cmsgammamode>0</cmsgammamode>
    <cmsgamma>220</cmsgamma>
    <cmslutsize>6</cmslutsize>
    <limitgui>0</limitgui>
    <usesystemsdrpeakluminance>true</usesystemsdrpeakluminance>
    <guipeakluminance>40</guipeakluminance>
    <whitelistpulldown>false</whitelistpulldown>
    <whitelistdoublerefreshrate>false</whitelistdoublerefreshrate>
    <stereoscopicmode>0</stereoscopicmode>
    <preferedstereoscopicmode>100</preferedstereoscopicmode>
    <noofbuffers>3</noofbuffers>
  </videoscreen>
  <input>
    <enablemouse>true</enablemouse>
    <enablejoystick>false</enablejoystick>
    <asknewcontrollers>true</asknewcontrollers>
    <rumblenotify>false</rumblenotify>
    <controllerpoweroff>false</controllerpoweroff>
  </input>
  <powermanagement>
    <displaysoff>0</displaysoff>
    <shutdowntime>0</shutdowntime>
    <shutdownstate>0</shutdownstate>
    <waitfornetwork>0</waitfornetwork>
    <wakeonaccess>false</wakeonaccess>
  </powermanagement>
  <general>
    <addonupdates>0</addonupdates>
    <addonnotifications>false</addonnotifications>
    <addonforeignfilter>false</addonforeignfilter>
    <addonbrokenfilter>true</addonbrokenfilter>
  </general>
  <debug>
    <showloginfo>false</showloginfo>
    <extralogging>false</extralogging>
  </debug>
  <eventlog>
    <enabled>true</enabled>
    <enablednotifications>false</enablednotifications>
  </eventlog>
</advancedsettings>